<?xml version="1.0" encoding="UTF-8"?>
<sourcecat sourcecatname="ZIKO EPG">
<source type="gen_xmltv" channels="/etc/epgimport/custom.channels.xml">
<description>bein</description>
<url>/etc/epgimport/bein.xml</url>
</source>
<source type="gen_xmltv" channels="/etc/epgimport/dstv.channels.xml">
<description>DSTV</description>
<url>/etc/epgimport/dstv.xml</url>
</source>
<source type="gen_xmltv" channels="/etc/epgimport/custom.channels.xml">
<description>entertainment</description>
<url>/etc/epgimport/beinent.xml</url>
</source>
<source type="gen_xmltv" channels="/etc/epgimport/custom.channels.xml">
<description>FILFAN</description>
<url>/etc/epgimport/filfan.xml</url>
</source>
<source type="gen_xmltv" channels="/etc/epgimport/custom.channels.xml">
<description>Osnplay</description>
<url>/etc/epgimport/osnplay.xml</url>
</source>
<source type="gen_xmltv" channels="/etc/epgimport/jawwy.channels.xml">
<description>Jawwy tv</description>
<url>/etc/epgimport/jawwytv.xml</url>
</source>
<source type="gen_xmltv" channels="/etc/epgimport/elcinema.channels.xml">
<description>elcinema</description>
<url>/etc/epgimport/elcinema.xml</url>
</source>
<source type="gen_xmltv" channels="/etc/epgimport/custom.channels.xml">
<description>snrt</description>
<url>/etc/epgimport/aloula.xml</url>
</source>
<source type="gen_xmltv" channels="/etc/epgimport/custom.channels.xml">
<description>mbc</description>
<url>/etc/epgimport/mbc.xml</url>
</source>
<source type="gen_xmltv" channels="/etc/epgimport/elcinema.channels.xml">
<description>Bein entertainment cinema</description>
<url>/etc/epgimport/beinentCin.xml</url>
</source>
<source type="gen_xmltv" channels="/etc/epgimport/custom.channels.xml">
<description>Noor Dubai</description>
<url>/etc/epgimport/noor.xml</url>
</source>
<source type="gen_xmltv" channels="/etc/epgimport/custom.channels.xml">
<description>QATAR TV</description>
<url>/etc/epgimport/qatar.xml</url>
</source>
<source type="gen_xmltv" channels="/etc/epgimport/freesat.channels.xml">
<description>FREESAT TV</description>
<url>/etc/epgimport/freesat.xml</url>
</source>
</sourcecat>
