<?xml version="1.0" encoding="utf-8"?>
<channels>
<!-- MBC -->
<channel id="MBC1">Your_ID:http%3a//example.com</channel> 
<channel id="MBCDrama">1:0:1:A:3C:800:DCA0000:0:0:0:</channel> 
<channel id="MBCEgypt2">1:0:1:452:B:800:DCA0000:0:0:0:</channel> 
<channel id="MBC4">1:0:1:4:3C:800:DCA0000:0:0:0:</channel> 
<channel id="MBC2">1:0:1:7:3C:800:DCA0000:0:0:0:</channel>
<channel id="MBCAction">1:0:1:6:3C:800:DCA0000:0:0:0:</channel> 
<channel id="MBCBollywood">1:0:1:9:3C:800:DCA0000:0:0:0:</channel> 
<channel id="MBC+Drama">Your_ID:http%3a//example.com</channel> 
<channel id="MBCMovieMax">1:0:1:8:3C:800:DCA0000:0:0:0:</channel> 
<channel id="MBCIraq">1:0:1:85E:15:800:DCA0000:0:0:0:</channel>
<channel id="MBCCinq">1:0:1:3:3C:800:DCA0000:0:0:0:</channel> 
<channel id="Wanasah">1:0:1:C:3C:800:DCA0000:0:0:0:</channel> 
<!-- BEIN SPORTS -->
<channel id="SportsGlobalHD">1:0:19:83A:C8:77E:DCA0000:0:0:0:</channel> <!-- SportsGlobalHD -->
<channel id="News_ar">1:0:1:89A:12C:77E:DCA0000:0:0:0:</channel> <!-- news -->
<channel id="HD1">1:0:19:7D1:64:77E:DCA0000:0:0:0</channel> <!-- "HD1" -->
<channel id="HD2">1:0:19:7D2:64:77E:DCA0000:0:0:0</channel> <!-- "HD2" -->
<channel id="HD3">1:0:19:7D3:64:77E:DCA0000:0:0:0</channel> <!-- "HD3" -->
<channel id="HD4">1:0:19:7D4:64:77E:DCA0000:0:0:0</channel> <!-- "HD4" -->
<channel id="HD5">1:0:19:835:C8:77E:DCA0000:0:0:0</channel> <!-- "HD5" -->
<channel id="HD6">1:0:19:836:C8:77E:DCA0000:0:0:0</channel> <!-- "HD6" -->
<channel id="HD7">1:0:19:837:C8:77E:DCA0000:0:0:0</channel> <!-- "HD7" -->
<channel id="HD8">1:0:19:838:C8:77E:DCA0000:0:0:0</channel> <!-- "HD8" -->
<channel id="HD9">1:0:19:839:C8:77E:DCA0000:0:0:0</channel> <!-- "HD9" -->
<channel id="HD10">1:0:1:899:12C:77E:DCA0000:0:0:0</channel> <!-- "HD10" -->
<channel id="SportsHD11">1:0:19:2A33:438:E0:104AD67:0:0:0:</channel> <!-- "SportsHD11" -->
<channel id="SportsHD12">1:0:19:2A34:438:E0:104AD67:0:0:0:</channel> <!-- "SportsHD12" -->
<channel id="SportsHD11">1:0:19:29CD:42E:E0:1040000:0:0:0:</channel> <!-- "SportsHD11" -->
<channel id="SportsHD12">1:0:19:29CE:42E:E0:1040000:0:0:0:</channel> <!-- "SportsHD12" -->
<channel id="SportsHD13">1:0:19:29CF:42E:E0:1040000:0:0:0:</channel> <!-- "SportsHD13" -->
<channel id="SportsHD14">1:0:19:29D0:42E:E0:1040000:0:0:0:</channel> <!-- "SportsHD14" -->
<channel id="SportsHD15">1:0:19:2A33:438:E0:1040000:0:0:0:</channel> <!-- "SportsHD15" -->
<channel id="SportsHD16">1:0:1:2840:406:E0:FF0000:0:0:0:</channel> <!-- "SportsHD16" -->
<channel id="SportsHD17">1:0:19:283D:406:E0:1040000:0:0:0:</channel> <!-- "SportsHD17" -->
<channel id="BS_NBA">1:0:19:283E:406:E0:1040000:0:0:0:</channel> <!-- "BS:NBA" -->
<channel id="SportsGlobalHD">1:0:19:283F:406:E0:1040000:0:0:0:</channel> <!-- SportsGlobalHD -->
<channel id="News_ar">1:0:19:2840:406:E0:1040000:0:0:0:</channel> <!-- news -->
<channel id="AljazeeraDocumentary">1:0:19:1F8:EAC4:77E:DCA0000:0:0:0:</channel> <!-- "AljazeeraDocumentary" -->
<channel id="TRTWorld">1:0:1:31F:10:6E:DCA0000:0:0:0:</channel> <!-- "TRTWorld" -->
<!-- OSN -->
<channel id="OSN_Movies">1:0:19:1197:2D:800:DCA0000:0:0:0:</channel> <!-- "OSN:Movies" -->
<channel id="OSN_On_Demand_HD">1:0:19:12F:3:800:DCA0000:0:0:0:</channel> <!-- "OSN:on:Demand" -->
<channel id="OSN_Cinema">1:0:19:161E:236:800:DCA0000:0:0:0:</channel> <!-- "OSN:Cinema" -->
<channel id="OSN_Enigma">1:0:19:1198:2D:800:DCA0000:0:0:0:</channel> <!-- "OSN:Enigma" -->
<channel id="OSN_Movies_Disney">1:0:19:1622:236:800:DCA0000:0:0:0:</channel> <!-- "OSN:Movies:Disney" -->
<channel id="OSN_Mov_First_+2h">1:0:19:1625:236:800:DCA0000:0:0:0:</channel> <!-- "OSN:Movies:First:+2" -->
<channel id="OSN_Movies_First">1:0:19:12D:3:800:DCA0000:0:0:0:</channel> <!-- "OSN:Movies:First" -->
<channel id="OSN_Action">1:0:19:12E:3:800:DCA0000:0:0:0:</channel> <!-- "OSN:Action" -->
<channel id="Star_Movies_HD">1:0:19:3EF:A:800:DCA0000:0:0:0:</channel> <!-- "Star:Movies:HD" -->
<channel id="Paramount_HD">1:0:19:3F0:A:800:DCA0000:0:0:0:</channel> <!-- "Paramount" -->
<channel id="OSN_Kids">1:0:19:119A:2D:800:DCA0000:0:0:0</channel> <!-- "OSN:Kids" -->
<channel id="OSN_Ya_Hala_Al_Oula">1:0:19:119D:2D:800:DCA0000:0:0:0:</channel> <!-- "OSN:Ya:Hala:Al:Oula" -->
<channel id="OSN_Ya_Hala">1:0:19:135:3:800:DCA0000:0:0:0:</channel> <!-- "OSN:Ya:Hala" -->
<channel id="OSN_YH_Cinema">1:0:19:132:3:800:DCA0000:0:0:0:</channel> <!-- "OSN_Yahala:Cinema" -->
<channel id="OSN_Series_First">1:0:19:130:3:800:DCA0000:0:0:0:</channel> <!-- "OSN:Series:First" -->
<channel id="OSN_Binge">1:0:19:3EB:A:800:DCA0000:0:0:0:</channel> <!-- "OSN:Binge" -->
<channel id="OSN_Comedy">1:0:19:119C:2D:800:DCA0000:0:0:0:</channel> <!-- "OSN:Comedy" -->
<channel id="OSN_Kidzone">1:0:19:6A6:11:800:DCA0000:0:0:0:</channel> <!-- "OSN:Kid:Zone:TV" -->
<channel id="Comedy_Central_HD">1:0:19:3F1:A:800:DCA0000:0:0:0:</channel> <!-- "Comedy:Central" -->
<channel id="Star_World_HD">1:0:19:6A9:11:800:DCA0000:0:0:0:</channel> <!-- "Star:World:HD" -->
<channel id="CI">1:0:1:D4:2:800:DCA0000:0:0:0:</channel> <!-- "Crime:And:Investigation:Network" -->
<channel id="Nat_Geo_HD">1:0:19:3EE:A:800:DCA0000:0:0:0:</channel> <!-- "Nat:Geo:HD" -->
<channel id="H2_HD">1:0:19:1623:236:800:DCA0000:0:0:0:</channel> <!-- "H2:HD" -->
<channel id="History_HD">1:0:19:12C2:30:800:DCA0000:0:0:0:</channel> <!-- "History:HD" -->
<channel id="Nat_Geo_People:HD">1:0:19:3ED:A:800:DCA0000:0:0:0:</channel> <!-- "Nat:Geo:People:HD" -->
<channel id="Discovery_Science_HD">1:0:19:12C3:30:800:DCA0000:0:0:0:</channel> <!-- "Discovery:Science:HD" -->
<channel id="Nat_Geo_Wild_HD">1:0:19:3EC:A:800:DCA0000:0:0:0:</channel> <!-- "Nat:Geo:Wild:HD" -->
<channel id="Alfa_Al_Safwa">1:0:1:A8E:1:2A:DCA0000:0:0:0:</channel> <!-- "Al:Safwa" -->
<channel id="Discovery_IDX_HD">1:0:19:1624:236:800:DCA0000:0:0:0:</channel> <!-- "Discovery:ID" -->
<channel id="Alfa_Cinema_2">1:0:1:A90:1:2A:DCA0000:0:0:0:</channel> <!-- "Cinema:2" -->
<channel id="Alfa_Al_Yawm_HD">1:0:1:A8D:1:2A:DCA0000:0:0:0:</channel> <!-- "Al:Yawm" -->
<channel id="Alfa_Series_+2_HD">1:0:19:A91:1:2A:DCA0000:0:0:0:</channel> <!-- "Series:+2" -->
<channel id="Alfa_Cinema_1">1:0:1:A8F:1:2A:DCA0000:0:0:0:</channel> <!-- "Cinema:1" -->
<channel id="Alfa_Series_HD">1:0:19:A92:1:2A:DCA0000:0:0:0:</channel> <!-- "Series:Channel" -->
<channel id="E!_HD">1:0:19:131:3:800:DCA0000:0:0:0:</channel> <!-- "E!:Entertainment:HD" -->
<channel id="Discovery_Channel_HD">1:0:19:1621:236:800:DCA0000:0:0:0:</channel> <!-- "Discovery:HD" -->
<channel id="Nat_Geo_People_HD">1:0:19:3ED:A:800:DCA0000:0:0:0:</channel> <!-- "Nat:Geo:People:HD" -->
<channel id="OSN_News">1:0:19:6A5:11:800:DCA0000:0:0:0:</channel> <!-- "OSN:News" -->
<channel id="OSN_Pop_Up_Family_Fun_HD">1:0:19:6A8:11:800:DCA0000:0:0:0:</channel> <!-- "OSN:News" -->
<channel id="OSN_Pop_Up_Super_Collection">1:0:19:6AC:11:800:DCA0000:0:0:0:</channel> <!-- "OSN:News" -->
<channel id="OSN_Mezze">1:0:19:1195:2D:800:DCA0000:0:0:0:</channel> <!-- "OSN_Mezze" -->
<channel id="Baby_TV">1:0:19:6A7:11:800:DCA0000:0:0:0:</channel> <!-- "Baby:TV:Europe" -->
<channel id="Nickelodeon_HD">1:0:19:161F:236:800:DCA0000:0:0:0:</channel> <!-- "Nickelodeon:HD" -->
<channel id="TLC_HD">1:0:19:134:3:800:DCA0000:0:0:0:</channel> <!-- "TLC:HD" -->
<channel id="OSN_Living">1:0:19:1196:2D:800:DCA0000:0:0:0:</channel> <!-- "OSN:Living" -->
<channel id="Disney_XD_HD">1:0:19:12C6:30:800:DCA0000:0:0:0:</channel> <!-- "Disney:XD" -->
<channel id="MTV_Live_HD">1:0:19:1620:236:800:DCA0000:0:0:0:</channel> <!-- "MTV:Live:HD" -->
<channel id="Disney_Channel_HD">1:0:19:12C4:30:800:DCA0000:0:0:0:</channel> <!-- "Disney:HD" -->
<channel id="Disney_Junior_HD">1:0:19:12C7:30:800:DCA0000:0:0:0:</channel> <!-- "Disney:Junior" -->
<channel id="NickToons_HD">1:0:19:12C1:30:800:DCA0000:0:0:0:</channel> <!-- "NickToons:HD" -->
<channel id="Nick_Jr_HD">1:0:19:3E9:A:800:DCA0000:0:0:0:</channel> <!-- "Nick:Jr" -->
<channel id="Alfa_Fann">1:0:1:A93:1:2A:DCA0000:0:0:0:</channel> <!-- "Fann" -->
<channel id="Alfa_Music_Now">1:0:1:A94:1:2A:DCA0000:0:0:0:</channel> <!-- "Music:Now" -->
<channel id="VH1">1:0:1:DE:2:800:DCA0000:0:0:0:</channel> <!-- "VH1" -->
<channel id="Viva_TV">1:0:1:D9:2:800:DCA0000:0:0:0</channel> <!-- "Viva" -->
<channel id="Bloomberg">1:0:1:C9:2:800:DCA0000:0:0:0</channel> <!-- "Bloomberg" -->
<!-- SNRT -->
<channel id="Aloula.ma">1:0:1:3:2E18:B0:820000:0:0:0:</channel> <!-- "aloula" -->
<channel id="Arriadia.ma">1:0:1:A:2E18:B0:820000:0:0:0:</channel> <!-- "arriadia" -->
<channel id="Arriadia.ma">1:0:1:82:9D6C:77E:DCA0000:0:0:0:</channel> <!-- "arriadia" -->
<channel id="2M.ma">1:0:1:6A9:3138:13E:820000:0:0:0:</channel> <!-- "2m" -->
<channel id="athaqafia.ma">1:0:1:4:2E18:B0:820000:0:0:0:</channel> <!-- "athaqafia" -->
<channel id="Medi1tv.ma">1:0:1:8:2E18:B0:820000:0:0:0:</channel> <!-- "Medi1tv" -->
<!-- bein entertainment -->
<channel id="MoviesHD1">1:0:19:28A6:410:E0:1040000:0:0:0:</channel> <!-- "MoviesHD1" -->
<channel id="MoviesHD2">1:0:19:29D2:42E:E0:1040000:0:0:0:</channel> <!-- "MoviesHD2" -->
<channel id="MoviesHD3">1:0:19:2843:406:E0:1040000:0:0:0:</channel> <!-- "MoviesHD3" -->
<channel id="MoviesHD4">1:0:19:2A35:438:E0:104AD67:0:0:0:</channel> <!-- "MoviesHD4" -->
<channel id="BoxOffice_HD1">1:0:19:4E86:7DA:E0:1040000:0:0:0:</channel> <!-- "BoxOffice_HD1" -->
<channel id="SeriesHD1">1:0:19:296E:424:E0:1040000:0:0:0:</channel> <!-- "SeriesHD1" -->
<channel id="SeriesHD2">1:0:19:28A7:410:E0:1040000:0:0:0:</channel> <!-- "SeriesHD2" -->
<channel id="DramaHD1">1:0:19:4E88:7DA:E0:104ABAC:0:0:0:</channel> <!-- "DramaHD1" -->
<channel id="gourmet">1:0:19:4E85:7DA:E0:1040000:0:0:0:</channel> <!-- "gourmet" -->
<channel id="beJUNIOR">1:0:19:9D70:FBE:E0:1040000:0:0:0:</channel> <!-- "beJUNIOR" -->
<channel id="Jeem">1:0:19:5141:820:E0:1040000:0:0:0:</channel> <!-- "Jeem" -->
<channel id="Baraem">1:0:19:5142:820:E0:1040000:0:0:0:</channel> <!-- "Baraem" -->
<channel id="CartoonNetworkHD">1:0:19:51A6:82A:E0:1040000:0:0:0:</channel> <!-- "CartoonNetworkHD" -->
<channel id="CartoonNetworkHindi">1:0:19:51AA:82A:E0:1040000:0:0:0:</channel> <!-- "CartoonNetworkHindi" -->
<channel id="Baby_TV">1:0:19:9D0D:FB4:E0:1040000:0:0:0:</channel> <!-- "Baby_TV" -->
<channel id="CBeebies">1:0:19:9DD7:FC8:E0:1040000:0:0:0:</channel> <!-- "CBeebies" -->
<channel id="DreamWorks">1:0:19:51AC:82A:E0:1040000:0:0:0:</channel> <!-- "DreamWorks" -->
<channel id="JimJam">1:0:1:507B:80C:E0:1040000:0:0:0:</channel> <!-- "JimJam" -->
<channel id="FOXFamilyMovies">1:0:19:9E39:FD2:E0:1040000:0:0:0:</channel> <!-- "FOXFamilyMovies" -->
<channel id="FOXActionMovies">1:0:19:27DE:3FC:E0:1040000:0:0:0:</channel> <!-- "FOXActionMovies" -->
<channel id="Star_World_B">1:0:19:9D0C:FB4:E0:1040000:0:0:0:</channel> <!-- "Star_World_B" -->
<channel id="TCM">1:0:19:51A9:82A:E0:1040000:0:0:0:</channel> <!-- "TCM" -->
<channel id="amc">1:0:19:9CA8:FAA:E0:1040000:0:0:0:</channel> <!-- "amc" -->
<channel id="Star_Movies_B">1:0:19:9D0B:FB4:E0:1040000:0:0:0:</channel> <!-- "Star_Movies_B" -->
<channel id="FOXHD">1:0:1:9D09:FB4:E0:1040000:0:0:0:</channel> <!-- "FOXHD" -->
<channel id="OutdoorChannel">1:0:19:507E:80C:E0:1040000:0:0:0:</channel> <!-- "OutdoorChannel" -->
<channel id="TravelChannel">1:0:19:9CA9:FAA:E0:1040000:0:0:0:</channel> <!-- "TravelChannel" -->
<channel id="Extreme">1:0:19:5079:80C:E0:1040000:0:0:0:</channel> <!-- "Extreme" -->
<channel id="fatafeat">1:0:19:9D6F:FBE:E0:1040000:0:0:0:</channel> <!-- "fatafeat" -->
<channel id="FoodNetwork">1:0:19:9CAB:FAA:E0:1040000:0:0:0:</channel> <!-- "FoodNetwork" -->
<channel id="HGTV">1:0:19:5149:820:E0:1040000:0:0:0:</channel> <!-- "HGTV" -->
<channel id="CBSreality">1:0:1:507A:80C:E0:1040000:0:0:0:</channel> <!-- "CBSreality" -->
<channel id="FXHD">1:0:19:4E87:7DA:E0:1040000:0:0:0:</channel> <!-- "FXHD" -->
<channel id="DMAX">1:0:19:9E3B:FD2:E0:1040000:0:0:0:</channel> <!-- "DMAX" -->
<channel id="NatGeoWild_HD">1:0:19:9E37:FD2:E0:1040000:0:0:0:</channel> <!-- "NatGeoWild_HD" -->
<channel id="NatGeoPeople_HD">1:0:19:9E36:FD2:E0:1040000:0:0:0:</channel> <!-- "NatGeoPeople_HD" -->
<channel id="NatGeo_HD">1:0:19:9E35:FD2:E0:1040000:0:0:0:</channel> <!-- "NatGeo_HD" -->
<channel id="BBCEarth">1:0:19:5081:80C:E0:1040000:0:0:0:</channel> <!-- "BBCEarth" -->
<channel id="AnimalPlanetHD">1:0:19:5146:820:E0:1040000:0:0:0:</channel> <!-- "AnimalPlanetHD" -->
<channel id="CNNHD">1:0:19:9DD3:FC8:E0:1040000:0:0:0:</channel> <!-- "CNNHD" -->
<channel id="Bloomberg_B">1:0:19:5147:820:E0:1040000:0:0:0:</channel> <!-- "Bloomberg_B" -->
<channel id="HLN">1:0:19:51A8:82A:E0:1040000:0:0:0:</channel> <!-- "HLN" -->
<channel id="DTX">1:0:19:9E3C:FD2:E0:1040000:0:0:0:</channel> <!-- "DTX" -->
<channel id="DLife">1:0:19:9E3A:FD2:E0:1040000:0:0:0:</channel> <!-- "DLife" -->
<channel id="FineLiving">1:0:19:5080:80C:E0:1040000:0:0:0:</channel> <!-- "FineLiving" -->
<channel id="4K">1:0:1:4E8C:7DA:E0:104ABAC:0:0:0:</channel> <!-- "4K" -->
<channel id="TRTWorld">1:0:1:134:1FE:2BE:1040000:0:0:0:</channel> <!-- "TRTWorld" -->
<channel id="Euronews">1:0:1:12D:1FE:2BE:1040000:0:0:0:</channel> <!-- "Euronews" -->
<channel id="AljazeeraDocumentary">1:0:19:2778:3F2:E0:1040000:0:0:0:</channel> <!-- "AljazeeraDocumentary" -->
<channel id="V_HD">Your_ID:http%3a//example.com</channel> <!-- "V_HD" -->
<channel id="CartoonNetworkAR">Your_ID:http%3a//example.com</channel> <!-- "CartoonNetworkAR" -->
<!-- BEIN SPORTS -->
<channel id="SportsGlobalHD">Your_ID:http%3a//example.com</channel> <!-- "SportsGlobalHD" -->
<channel id="News_ar">Your_ID:http%3a//example.com</channel> <!-- "News_ar" -->
<channel id="HD1">Your_ID:http%3a//example.com</channel> <!-- "HD1" -->
<channel id="HD2">Your_ID:http%3a//example.com</channel> <!-- "HD2" -->
<channel id="HD3">Your_ID:http%3a//example.com</channel> <!-- "HD3" -->
<channel id="HD4">Your_ID:http%3a//example.com</channel> <!-- "HD4" -->
<channel id="HD5">Your_ID:http%3a//example.com</channel> <!-- "HD5" -->
<channel id="HD6">Your_ID:http%3a//example.com</channel> <!-- "HD6" -->
<channel id="HD7">Your_ID:http%3a//example.com</channel> <!-- "HD7" -->
<channel id="HD8">Your_ID:http%3a//example.com</channel> <!-- "HD8" -->
<channel id="HD9">Your_ID:http%3a//example.com</channel> <!-- "HD9" -->
<channel id="HD10">Your_ID:http%3a//example.com</channel> <!-- "HD10" -->
<channel id="SportsHD11">Your_ID:http%3a//example.com</channel> <!-- "SportsHD11" -->
<channel id="SportsHD12">Your_ID:http%3a//example.com</channel> <!-- "SportsHD12" -->
<channel id="SportsHD13">Your_ID:http%3a//example.com</channel> <!-- "SportsHD13" -->
<channel id="SportsHD14">Your_ID:http%3a//example.com</channel> <!-- "SportsHD14" -->
<channel id="SportsHD15">Your_ID:http%3a//example.com</channel> <!-- "SportsHD15" -->
<channel id="SportsHD16">Your_ID:http%3a//example.com</channel> <!-- "SportsHD16" -->
<channel id="SportsHD17">Your_ID:http%3a//example.com</channel> <!-- "SportsHD17" -->
<channel id="4K">Your_ID:http%3a//example.com</channel> <!-- "4K" -->
<channel id="BS_NBA">Your_ID:http%3a//example.com</channel> <!-- "BS_NBA" -->
<!-- bein entertainment -->
<channel id="beincinema">Your_ID:http%3a//example.com</channel>
<channel id="MoviesHD1">Your_ID:http%3a//example.com</channel> <!-- "MoviesHD1" -->
<channel id="MoviesHD2">Your_ID:http%3a//example.com</channel> <!-- "MoviesHD2" -->
<channel id="MoviesHD3">Your_ID:http%3a//example.com</channel> <!-- "MoviesHD3" -->
<channel id="MoviesHD4">Your_ID:http%3a//example.com</channel> <!-- "MoviesHD4" -->
<channel id="BoxOffice_HD1">Your_ID:http%3a//example.com</channel> <!-- "BoxOffice_HD1" -->
<channel id="SeriesHD1">Your_ID:http%3a//example.com</channel> <!-- "SeriesHD1" -->
<channel id="SeriesHD2">Your_ID:http%3a//example.com</channel> <!-- "SeriesHD2" -->
<channel id="DramaHD1">Your_ID:http%3a//example.com</channel> <!-- "DramaHD1" -->
<channel id="gourmet">Your_ID:http%3a//example.com</channel> <!-- "gourmet" -->
<channel id="beJUNIOR">Your_ID:http%3a//example.com</channel> <!-- "beJUNIOR" -->
<channel id="Jeem">Your_ID:http%3a//example.com</channel> <!-- "Jeem" -->
<channel id="Baraem">Your_ID:http%3a//example.com</channel> <!-- "Baraem" -->
<channel id="CartoonNetworkHD">Your_ID:http%3a//example.com</channel> <!-- "CartoonNetworkHD" -->
<channel id="CartoonNetworkAR">Your_ID:http%3a//example.com</channel> <!-- "CartoonNetworkAR" -->
<channel id="CartoonNetworkHindi">Your_ID:http%3a//example.com</channel> <!-- "CartoonNetworkHindi" -->
<channel id="Baby_TV">Your_ID:http%3a//example.com</channel> <!-- "Baby_TV" -->
<channel id="CBeebies">Your_ID:http%3a//example.com</channel> <!-- "CBeebies" -->
<channel id="DreamWorks">Your_ID:http%3a//example.com</channel> <!-- "DreamWorks" -->
<channel id="JimJam">Your_ID:http%3a//example.com</channel> <!-- "JimJam" -->
<channel id="FOXFamilyMovies">Your_ID:http%3a//example.com</channel> <!-- "FOXFamilyMovies" -->
<channel id="FOXActionMovies">Your_ID:http%3a//example.com</channel> <!-- "FOXActionMovies" -->
<channel id="Star_World_B">Your_ID:http%3a//example.com</channel> <!-- "Star_World_B" -->
<channel id="TCM">Your_ID:http%3a//example.com</channel> <!-- "TCM" -->
<channel id="amc">Your_ID:http%3a//example.com</channel> <!-- "amc" -->
<channel id="Star_Movies_B">Your_ID:http%3a//example.com</channel> <!-- "Star_Movies_B" -->
<channel id="FOXHD">Your_ID:http%3a//example.com</channel> <!-- "FOXHD" -->
<channel id="OutdoorChannel">Your_ID:http%3a//example.com</channel> <!-- "OutdoorChannel" -->
<channel id="V_HD">Your_ID:http%3a//example.com</channel> <!-- "V_HD" -->
<channel id="TravelChannel">Your_ID:http%3a//example.com</channel> <!-- "TravelChannel" -->
<channel id="Extreme">Your_ID:http%3a//example.com</channel> <!-- "Extreme" -->
<channel id="fatafeat">Your_ID:http%3a//example.com</channel> <!-- "fatafeat" -->
<channel id="FoodNetwork">Your_ID:http%3a//example.com</channel> <!-- "FoodNetwork" -->
<channel id="HGTV">Your_ID:http%3a//example.com</channel> <!-- "HGTV" -->
<channel id="CBSreality">Your_ID:http%3a//example.com</channel> <!-- "CBSreality" -->
<channel id="FXHD">Your_ID:http%3a//example.com</channel> <!-- "FXHD" -->
<channel id="DMAX">Your_ID:http%3a//example.com</channel> <!-- "DMAX" -->
<channel id="NatGeoWild_HD">Your_ID:http%3a//example.com</channel> <!-- "NatGeoWild_HD" -->
<channel id="NatGeoPeople_HD">Your_ID:http%3a//example.com</channel> <!-- "NatGeoPeople_HD" -->
<channel id="NatGeo_HD">Your_ID:http%3a//example.com</channel> <!-- "NatGeo_HD" -->
<channel id="BBCEarth">Your_ID:http%3a//example.com</channel> <!-- "BBCEarth" -->
<channel id="AnimalPlanetHD">Your_ID:http%3a//example.com</channel> <!-- "AnimalPlanetHD" -->
<channel id="AljazeeraDocumentary">Your_ID:http%3a//example.com</channel> <!-- "AljazeeraDocumentary" -->
<channel id="TRTWorld">Your_ID:http%3a//example.com</channel> <!-- "TRTWorld" -->
<channel id="Euronews">Your_ID:http%3a//example.com</channel> <!-- "Euronews" -->
<channel id="CNNHD">Your_ID:http%3a//example.com</channel> <!-- "CNNHD" -->
<channel id="Bloomberg_B">Your_ID:http%3a//example.com</channel> <!-- "Bloomberg_B" -->
<channel id="HLN">Your_ID:http%3a//example.com</channel> <!-- "HLN" -->
<channel id="DTX">Your_ID:http%3a//example.com</channel> <!-- "DTX" -->
<channel id="DLife">Your_ID:http%3a//example.com</channel> <!-- "DLife" -->
<channel id="FineLiving">Your_ID:http%3a//example.com</channel> <!-- "FineLiving" -->
<!-- OSN -->
<channel id="OSN_Movies">OSN_ID:http%3a//example.com</channel> <!-- "OSN_Movies" -->
<channel id="OSN_Cinema">OSN_ID:http%3a//example.com</channel> <!-- "OSN_Cinema" -->
<channel id="OSN_Enigma">OSN_ID:http%3a//example.com</channel> <!-- "OSN_Enigma" -->
<channel id="OSN_Movies_Disney">OSN_ID:http%3a//example.com</channel> <!-- "OSN_Movies_Disney" -->
<channel id="OSN_Movies_First_+2">OSN_ID:http%3a//example.com</channel> <!-- "OSN_Movies_First_+2" -->
<channel id="OSN_Movies_First">OSN_ID:http%3a//example.com</channel> <!-- "OSN_Movies_First" -->
<channel id="OSN_Action">OSN_ID:http%3a//example.com</channel> <!-- "OSN_Action" -->
<channel id="Star_Movies_HD">OSN_ID:http%3a//example.com</channel> <!-- "Star_Movies_HD" -->
<channel id="Paramount">OSN_ID:http%3a//example.com</channel> <!-- "Paramount" -->
<channel id="OSN_Kids">OSN_ID:http%3a//example.com</channel> <!-- "OSN_Kids" -->
<channel id="OSN_Ya_Hala_Al_Oula">OSN_ID:http%3a//example.com</channel> <!-- "OSN_Ya_Hala_Al_Oula" -->
<channel id="OSN_Ya_Hala">OSN_ID:http%3a//example.com</channel> <!-- "OSN_Ya_Hala" -->
<channel id="OSN_Yahala_Cinema">OSN_ID:http%3a//example.com</channel> <!-- "OSN_Yahala_Cinema" -->
<channel id="OSN_Series_First">OSN_ID:http%3a//example.com</channel> <!-- "OSN_Series_First" -->
<channel id="OSN_Binge">OSN_ID:http%3a//example.com</channel> <!-- "OSN_Binge" -->
<channel id="OSN_Comedy">OSN_ID:http%3a//example.com</channel> <!-- "OSN_Comedy" -->
<channel id="OSN_Mezze">OSN_ID:http%3a//example.com</channel> <!-- "OSN_Mezze" -->
<channel id="OSN_Living">OSN_ID:http%3a//example.com</channel> <!-- "OSN_Living" -->
<channel id="OSN_Kid_Zone_TV">OSN_ID:http%3a//example.com</channel> <!-- "OSN_Kid_Zone_TV" -->
<channel id="Comedy_Central">OSN_ID:http%3a//example.com</channel> <!-- "Comedy_Central" -->
<channel id="Syfy_HD">OSN_ID:http%3a//example.com</channel> <!-- "Syfy_HD" -->
<channel id="Star_World_HD">OSN_ID:http%3a//example.com</channel> <!-- "Star_World_HD" -->
<channel id="Crime_And_Investigation_Network">OSN_ID:http%3a//example.com</channel> <!-- "Crime_And_Investigation_Network" -->
<channel id="Nat_Geo_HD">OSN_ID:http%3a//example.com</channel> <!-- "Nat_Geo_HD" -->
<channel id="H2_HD">OSN_ID:http%3a//example.com</channel> <!-- "H2_HD" -->
<channel id="History_HD">OSN_ID:http%3a//example.com</channel> <!-- "History_HD" -->
<channel id="Nat_Geo_People_HD">OSN_ID:http%3a//example.com</channel> <!-- "Nat_Geo_People_HD" -->
<channel id="Discovery_Science_HD">OSN_ID:http%3a//example.com</channel> <!-- "Discovery_Science_HD" -->
<channel id="Nat_Geo_Wild_HD">OSN_ID:http%3a//example.com</channel> <!-- "Nat_Geo_Wild_HD" -->
<channel id="Al_Safwa">OSN_ID:http%3a//example.com</channel> <!-- "Al_Safwa" -->
<channel id="Discovery_ID">OSN_ID:http%3a//example.com</channel> <!-- "Discovery_ID" -->
<channel id="Cinema_2">OSN_ID:http%3a//example.com</channel> <!-- "Cinema_2" -->
<channel id="Al_Yawm">OSN_ID:http%3a//example.com</channel> <!-- "Al_Yawm" -->
<channel id="Series_+2">OSN_ID:http%3a//example.com</channel> <!-- "Series_+2" -->
<channel id="Cinema_1">OSN_ID:http%3a//example.com</channel> <!-- "Cinema_1" -->
<channel id="Series_Channel">OSN_ID:http%3a//example.com</channel> <!-- "Series_Channel" -->
<channel id="E!_Entertainment_HD">OSN_ID:http%3a//example.com</channel> <!-- "E!_Entertainment_HD" -->
<channel id="B4U_Aflam">OSN_ID:http%3a//example.com</channel> <!-- "B4U_Aflam" -->
<channel id="Discovery_HD">OSN_ID:http%3a//example.com</channel> <!-- "Discovery_HD" -->
<channel id="OSN_News">OSN_ID:http%3a//example.com</channel> <!-- "OSN_News" -->
</channels>
