<?xml version="1.0" encoding="utf-8"?>
<channels>
<!-- DSTV ZA -->
<channel id="M-NetHD">Your_ID:http%3a//example.com</channel> 
<channel id="1MagicHD">Your_ID:http%3a//example.com</channel> 
<channel id="M-NetMoviesPremierHD">Your_ID:http%3a//example.com</channel> 
<channel id="M-NetMoviesSmileHD">Your_ID:http%3a//example.com</channel> 
<channel id="M-NetMoviesAction+HD">Your_ID:http%3a//example.com</channel> 
<channel id="SundanceTVHD">Your_ID:http%3a//example.com</channel> 
<channel id="TomCruise">Your_ID:http%3a//example.com</channel> 
<channel id="M-NetMoviesAction">Your_ID:http%3a//example.com</channel> 
<channel id="M-NetMoviesAllStarsHD">Your_ID:http%3a//example.com</channel> 
<channel id="StudioUniversalHD">Your_ID:http%3a//example.com</channel> 
<channel id="M-NETBinge">Your_ID:http%3a//example.com</channel> 
<channel id="M-NetCityHD">Your_ID:http%3a//example.com</channel> 
<channel id="VUZUHD">Your_ID:http%3a//example.com</channel> 
<channel id="UniversalTVHD">Your_ID:http%3a//example.com</channel> 
<channel id="TeleMundoEnglish">Your_ID:http%3a//example.com</channel> 
<channel id="BBCFirstHD">Your_ID:http%3a//example.com</channel> 
<channel id="BBCBritHD">Your_ID:http%3a//example.com</channel> 
<channel id="DiscoveryChannelHD">Your_ID:http%3a//example.com</channel> 
<channel id="ComedyCentral">Your_ID:http%3a//example.com</channel> 
<channel id="ITVChoiceHD">Your_ID:http%3a//example.com</channel> 
<channel id="E!EntertainmentHD">Your_ID:http%3a//example.com</channel> 
<channel id="FOXHD">Your_ID:http%3a//example.com</channel> 
<channel id="FOXLife">Your_ID:http%3a//example.com</channel> 
<channel id="GinxeSportsHD">Your_ID:http%3a//example.com</channel> 
<channel id="SuperSlamHD">Your_ID:http%3a//example.com</channel> 
<channel id="BET">Your_ID:http%3a//example.com</channel> 
<channel id="MTV">Your_ID:http%3a//example.com</channel> 
<channel id="LifetimeEntertainment">Your_ID:http%3a//example.com</channel> 
<channel id="CBSReality">Your_ID:http%3a//example.com</channel> 
<channel id="DiscoveryTLCHD">Your_ID:http%3a//example.com</channel> 
<channel id="DiscoveryFamilyHD">Your_ID:http%3a//example.com</channel> 
<channel id="TNTAfricaHD">Your_ID:http%3a//example.com</channel> 
<channel id="eMoviesHD">Your_ID:http%3a//example.com</channel> 
<channel id="M-NetMoviesZoneHD">Your_ID:http%3a//example.com</channel> 
<channel id="eMoviesExtraHD">Your_ID:http%3a//example.com</channel> 
<channel id="EVA">Your_ID:http%3a//example.com</channel> 
<channel id="KykNETHD">Your_ID:http%3a//example.com</channel> 
<channel id="KykNETandKieHD">Your_ID:http%3a//example.com</channel> 
<channel id="KyKNetNou">Your_ID:http%3a//example.com</channel> 
<channel id="VIAHD">Your_ID:http%3a//example.com</channel> 
<channel id="AfricaMagicEpic">Your_ID:http%3a//example.com</channel> 
<channel id="AfricaMagicUrban">Your_ID:http%3a//example.com</channel> 
<channel id="AfricaMagicFamily">Your_ID:http%3a//example.com</channel> 
<channel id="RealTime">Your_ID:http%3a//example.com</channel> 
<channel id="SABCEncore">Your_ID:http%3a//example.com</channel> 
<channel id="MojaLove">Your_ID:http%3a//example.com</channel> 
<channel id="MojaLoveHD">Your_ID:http%3a//example.com</channel> 
<channel id="MzansiMagicHD">Your_ID:http%3a//example.com</channel> 
<channel id="MzansiWethuHD">Your_ID:http%3a//example.com</channel> 
<channel id="MzansiBioskop">Your_ID:http%3a//example.com</channel> 
<channel id="ZeeWorldHD">Your_ID:http%3a//example.com</channel> 
<channel id="StarLifeHD">Your_ID:http%3a//example.com</channel> 
<channel id="ROK">Your_ID:http%3a//example.com</channel> 
<channel id="CBSJusticeHD">Your_ID:http%3a//example.com</channel> 
<channel id="DiscoveryIDHD">Your_ID:http%3a//example.com</channel> 
<channel id="TVMall">Your_ID:http%3a//example.com</channel> 
<channel id="BBCLifestyle">Your_ID:http%3a//example.com</channel> 
<channel id="FoodNetworkHD">Your_ID:http%3a//example.com</channel> 
<channel id="TheHomeChannel">Your_ID:http%3a//example.com</channel> 
<channel id="HomeandGardenTVHD">Your_ID:http%3a//example.com</channel> 
<channel id="FashionOne">Your_ID:http%3a//example.com</channel> 
<channel id="TravelChannel">Your_ID:http%3a//example.com</channel> 
<channel id="PeoplesWeather">Your_ID:http%3a//example.com</channel> 
<channel id="NationalGeographicChannel">Your_ID:http%3a//example.com</channel> 
<channel id="NatGeoWild">Your_ID:http%3a//example.com</channel> 
<channel id="BBCEarthHD">Your_ID:http%3a//example.com</channel> 
<channel id="CuriosityStream">Your_ID:http%3a//example.com</channel> 
<channel id="TheHistoryChannelHD">Your_ID:http%3a//example.com</channel> 
<channel id="IGNITION">Your_ID:http%3a//example.com</channel> 
<channel id="SpiceTV">Your_ID:http%3a//example.com</channel> 
<channel id="SABC1HD">Your_ID:http%3a//example.com</channel> 
<channel id="SABC2HD">Your_ID:http%3a//example.com</channel> 
<channel id="SABC3HD">Your_ID:http%3a//example.com</channel> 
<channel id="e.TVHD">Your_ID:http%3a//example.com</channel> 
<channel id="eTVExtraHD">Your_ID:http%3a//example.com</channel> 
<channel id="NaijaStand-UpComedy">Your_ID:http%3a//example.com</channel> 
<channel id="NigerianFestivals">Your_ID:http%3a//example.com</channel> 
<channel id="BLITZHD">Your_ID:http%3a//example.com</channel> 
<channel id="SuperSportHD1">Your_ID:http%3a//example.com</channel> 
<channel id="SuperSportHD2">Your_ID:http%3a//example.com</channel> 
<channel id="SuperSportHD3">Your_ID:http%3a//example.com</channel> 
<channel id="SuperSportHD4">Your_ID:http%3a//example.com</channel> 
<channel id="SuperSportHD5">Your_ID:http%3a//example.com</channel> 
<channel id="SuperSportHD6">Your_ID:http%3a//example.com</channel> 
<channel id="SuperSportHD7">Your_ID:http%3a//example.com</channel> 
<channel id="SuperSportHD8">Your_ID:http%3a//example.com</channel> 
<channel id="SuperSportHD9">Your_ID:http%3a//example.com</channel> 
<channel id="SuperSportHD10">Your_ID:http%3a//example.com</channel> 
<channel id="SuperSport11HD">Your_ID:http%3a//example.com</channel> 
<channel id="SuperSportHD12">Your_ID:http%3a//example.com</channel> 
<channel id="SuperSportMaximoHD">Your_ID:http%3a//example.com</channel> 
<channel id="TellyTrack">Your_ID:http%3a//example.com</channel> 
<channel id="SowetoTV">Your_ID:http%3a//example.com</channel> 
<channel id="BayTV">Your_ID:http%3a//example.com</channel> 
<channel id="1KZN">Your_ID:http%3a//example.com</channel> 
<channel id="TshwaneTV">Your_ID:http%3a//example.com</channel> 
<channel id="CapeTownTV">Your_ID:http%3a//example.com</channel> 
<channel id="GauTV">Your_ID:http%3a//example.com</channel> 
<channel id="LesothoTV">Your_ID:http%3a//example.com</channel> 
<channel id="NTAI">Your_ID:http%3a//example.com</channel> 
<channel id="ToonamiHD">Your_ID:http%3a//example.com</channel> 
<channel id="CartoonNetworkHD">Your_ID:http%3a//example.com</channel> 
<channel id="Boomerang">Your_ID:http%3a//example.com</channel> 
<channel id="DisneyChannel">Your_ID:http%3a//example.com</channel> 
<channel id="DisneyChannelXD">Your_ID:http%3a//example.com</channel> 
<channel id="Nickelodeon">Your_ID:http%3a//example.com</channel> 
<channel id="Cbeebies">Your_ID:http%3a//example.com</channel> 
<channel id="NickJr">Your_ID:http%3a//example.com</channel> 
<channel id="NickTOONS">Your_ID:http%3a//example.com</channel> 
<channel id="DisneyJunior">Your_ID:http%3a//example.com</channel> 
<channel id="JimJam">Your_ID:http%3a//example.com</channel> 
<channel id="eToonz">Your_ID:http%3a//example.com</channel> 
<channel id="PBSKids">Your_ID:http%3a//example.com</channel> 
<channel id="MindsetPop">Your_ID:http%3a//example.com</channel> 
<channel id="Mindset">Your_ID:http%3a//example.com</channel> 
<channel id="ChannelOHD">Your_ID:http%3a//example.com</channel> 
<channel id="MzansiMusic">Your_ID:http%3a//example.com</channel> 
<channel id="MTVbase">Your_ID:http%3a//example.com</channel> 
<channel id="TRACEURBANHD">Your_ID:http%3a//example.com</channel> 
<channel id="TRACEAfrica">Your_ID:http%3a//example.com</channel> 
<channel id="SoundCity">Your_ID:http%3a//example.com</channel> 
<channel id="OneGospel">Your_ID:http%3a//example.com</channel> 
<channel id="TraceGospel">Your_ID:http%3a//example.com</channel> 
<channel id="Dumisa">Your_ID:http%3a//example.com</channel> 
<channel id="FAITH">Your_ID:http%3a//example.com</channel> 
<channel id="DayStar">Your_ID:http%3a//example.com</channel> 
<channel id="TBN">Your_ID:http%3a//example.com</channel> 
<channel id="AfricanEaster">Your_ID:http%3a//example.com</channel> 
<channel id="EmmanuelTV">Your_ID:http%3a//example.com</channel> 
<channel id="BBCWorldNews">Your_ID:http%3a//example.com</channel> 
<channel id="CNNInternationalHD">Your_ID:http%3a//example.com</channel> 
<channel id="SkyNews">Your_ID:http%3a//example.com</channel> 
<channel id="eNewsChannelAfrica">Your_ID:http%3a//example.com</channel> 
<channel id="SABCNews">Your_ID:http%3a//example.com</channel> 
<channel id="NewzroomAfrika">Your_ID:http%3a//example.com</channel> 
<channel id="AlJazeera">Your_ID:http%3a//example.com</channel> 
<channel id="RussiaToday">Your_ID:http%3a//example.com</channel> 
<channel id="ParliamentaryService">Your_ID:http%3a//example.com</channel> 
<channel id="CGTNNews">Your_ID:http%3a//example.com</channel> 
<channel id="CNBCAfrica">Your_ID:http%3a//example.com</channel> 
<channel id="BloombergTelevision">Your_ID:http%3a//example.com</channel> 
<channel id="BusinessDay">Your_ID:http%3a//example.com</channel> 
<channel id="NDTV24x7">Your_ID:http%3a//example.com</channel> 
<channel id="EuroNewsAfrica">Your_ID:http%3a//example.com</channel> 
<channel id="KykNetLekker">Your_ID:http%3a//example.com</channel> 
<channel id="RAIInternational">Your_ID:http%3a//example.com</channel> 
<channel id="BesteVanNederlands">Your_ID:http%3a//example.com</channel> 
<channel id="RTPI">Your_ID:http%3a//example.com</channel> 
<channel id="TV5MondeAfrique">Your_ID:http%3a//example.com</channel> 
<channel id="DeutscheWelle">Your_ID:http%3a//example.com</channel> 
<channel id="CCTV4">Your_ID:http%3a//example.com</channel> 
<channel id="SETAsia">Your_ID:http%3a//example.com</channel> 
<channel id="B4UMovies">Your_ID:http%3a//example.com</channel> 
<channel id="ZeeTV">Your_ID:http%3a//example.com</channel> 
<channel id="StarPlus">Your_ID:http%3a//example.com</channel> 
<channel id="SunTV">Your_ID:http%3a//example.com</channel> 
<channel id="StarVijay">Your_ID:http%3a//example.com</channel> 
<channel id="Colors">Your_ID:http%3a//example.com</channel> 
<channel id="SETMax">Your_ID:http%3a//example.com</channel> 
<channel id="Telemundo(P)">Your_ID:http%3a//example.com</channel> 
<channel id="EVA(P)">Your_ID:http%3a//example.com</channel> 
<channel id="SICInternacional(P)">Your_ID:http%3a//example.com</channel> 
<channel id="M-NetPlus1HD">Your_ID:http%3a//example.com</channel>
</channels>