<?xml version="1.0" encoding="utf-8"?>
<channels>
<channel id="AlhayatDrama">1:0:1:EE4:26:800:DCA0000:0:0:0:</channel>
<channel id="JordanTV">1:0:19:340:8:800:DCA0000:0:0:0:</channel>
<channel id="Kuwait">1:0:19:44D:7594:77E:DCA0000:0:0:0:</channel>
<channel id="LanaPlusTV">1:0:1:83A:15:800:DCA0000:0:0:0:</channel>
<channel id="Mehwar">1:0:1:457:B:800:DCA0000:0:0:0:</channel>
<channel id="MBC3">1:0:1:B:3B:800:DCA0000:0:0:0:</channel>
<channel id="Watania2">1:0:1:FAD:28:800:DCA0000:0:0:0:</channel>
<channel id="DubaiOne">1:0:1:126F:2F:800:DCA0000:0:0:0:</channel> <!-- "dubai:one" -->
<channel id="DubaiTV">1:0:19:19CB:42:800:DCA0000:0:0:0</channel>
<channel id="AlhayatTV">1:0:19:C88:20:800:DCA0000:0:0:0</channel>
<channel id="AlNaharDrama">1:0:1:13F2:33:800:DCA0000:0:0:0</channel>
<channel id="Cima">1:0:1:2BD:7:800:DCA0000:0:0:0</channel>
<channel id="CBCDrama">1:0:1:13F3:33:800:DCA0000:0:0:0</channel>
<channel id="NileDrama">1:0:1:25E:6:800:DCA0000:0:0:0</channel>
<channel id="Zeeaflam">1:0:1:AFB:1C:800:DCA0000:0:0:0</channel>
<channel id="SadaElBaladDrama">1:0:1:190A:40:800:DCA0000:0:0:0</channel>
<channel id="CBC">1:0:1:13F4:33:800:DCA0000:0:0:0</channel>
<channel id="SamaDubai">1:0:19:19D2:42:800:DCA0000:0:0:0</channel>
<channel id="AlNaharTV">1:0:1:CFD:21:800:DCA0000:0:0:0</channel>
<channel id="NileComedy">1:0:1:25C:6:800:DCA0000:0:0:0:</channel>
<channel id="Emirates">1:0:1:2:32:64:DCA0000:0:0:0</channel>
<channel id="NileLife">1:0:1:25D:6:800:DCA0000:0:0:0</channel>
<channel id="SadaElBalad">1:0:1:45A:B:800:DCA0000:0:0:0</channel>
<channel id="DMCDRAMA">1:0:1:1AF9:45:800:DCA0000:0:0:0</channel>
<channel id="ONE">1:0:19:1646:39:800:DCA0000:0:0:0</channel>
<channel id="ONDrama">1:0:1:164C:39:800:DCA0000:0:0:0</channel>
<channel id="DubaiZaman">1:0:1:126E:2F:800:DCA0000:0:0:0</channel>
<channel id="CBCsofra">1:0:1:13F6:33:800:DCA0000:0:0:0</channel>
<channel id="DMC">1:0:1:1AF5:45:800:DCA0000:0:0:0</channel>
<channel id="iFILMTV">1:0:1:12D:C23:6E:DCA0000:0:0:0</channel>
<channel id="Alsharqya">1:0:19:B03:1C:800:DCA0000:0:0:0</channel>
<channel id="TeNTV">1:0:1:190E:40:800:DCA0000:0:0:0</channel>
<channel id="SyriaDrama">1:0:1:49:1F:6E:DCA0000:0:0:0</channel>
<channel id="Amman">1:0:19:320:8:800:DCA0000:0:0:0</channel>
<channel id="SBC">1:0:1:15E3:1A:2BE:DCA0000:0:0:0</channel>
<channel id="Alsumaria">1:0:1:CE9:21:800:DCA0000:0:0:0</channel>
<channel id="Nessma">1:0:1:C8D:20:800:DCA0000:0:0:0</channel>
<channel id="Oman">1:0:1:138A:32:800:DCA0000:0:0:0</channel>
<channel id="Fujairah">1:0:19:19D4:42:800:DCA0000:0:0:0</channel>
<channel id="SyriaTV">1:0:1:19A:10:6E:DCA0000:0:0:0</channel>
<channel id="AlSaeedah">1:0:1:648:10:800:DCA0000:0:0:0</channel>
<channel id="SamaTV">1:0:1:33:1F:6E:DCA0000:0:0:0</channel>
<channel id="Mix">1:0:1:13F7:33:800:DCA0000:0:0:0</channel>
<channel id="2MTV">1:0:1:2:9D08:77E:DCA0000:0:0:0</channel>
<channel id="AlAoulaMorocco">1:0:1:1:9D08:77E:DCA0000:0:0:0</channel>
<channel id="Zeealwan">1:0:1:AFC:1C:800:DCA0000:0:0:0</channel>
<channel id="AlKaheraWalNasTV">1:0:1:1EA:5:800:DCA0000:0:0:0</channel>
</channels>
