<?xml version="1.0" encoding="utf-8"?>
<channels>
<channel id="Animal Planet Europe">1:0:1:A28:2:5E:E08B00F:0:0:0:</channel>
<channel id="Animal Planet Europe">1:0:1:A2E:2:5E:E08B00F:0:0:0:</channel>
<channel id="Animal Planet Europe">1:0:1:A2B:2:5E:E08B00F:0:0:0:</channel>
<channel id="Animal Planet Europe">1:0:1:A2D:2:5E:E08B00F:0:0:0:</channel>
<channel id="Animal Planet Europe">1:0:1:A29:2:5E:E08B00F:0:0:0:</channel>
<channel id="Animal Planet Europe">1:0:1:A2A:2:5E:E08B00F:0:0:0:</channel>
<channel id="Animal Planet Europe">1:0:1:A2C:2:5E:E08B00F:0:0:0:</channel>
<channel id="Discovery Central Europe">1:0:1:44C:2:5E:E08B00F:0:0:0:</channel>
<channel id="Discovery Central Europe">1:0:1:44D:2:5E:E08B00F:0:0:0:</channel>
<channel id="Discovery Central Europe">1:0:1:44E:2:5E:E08B00F:0:0:0:</channel>
<channel id="Discovery Central Europe">1:0:1:384:2:5E:E08B00F:0:0:0:</channel>
<channel id="Discovery Showcase HD">1:0:1:9C4:2:5E:E08B00F:0:0:0:</channel>
<channel id="Discovery Showcase HD">1:0:1:9CA:2:5E:E08B00F:0:0:0:</channel>
<channel id="Discovery Showcase HD">1:0:1:9C7:2:5E:E08B00F:0:0:0:</channel>
<channel id="Discovery Showcase HD">1:0:1:9C5:2:5E:E08B00F:0:0:0:</channel>
<channel id="Discovery Showcase HD">1:0:1:9C9:2:5E:E08B00F:0:0:0:</channel>
<channel id="Discovery Showcase HD">1:0:1:9C6:2:5E:E08B00F:0:0:0:</channel>
<channel id="Discovery Showcase HD">1:0:1:9C8:2:5E:E08B00F:0:0:0:</channel>
<channel id="Discovery Showcase HD">1:0:1:9C8:2:5E:E08B00F:0:0:0:</channel>
<channel id="Discovery Science Europe">1:0:1:C80:2:5E:E08B00F:0:0:0:</channel>
<channel id="Discovery Science Europe">1:0:1:C85:2:5E:E08B00F:0:0:0:</channel>
<channel id="Discovery Science Europe">1:0:1:C84:2:5E:E08B00F:0:0:0:</channel>
<channel id="Discovery Science Europe">1:0:1:C83:2:5E:E08B00F:0:0:0:</channel>
<channel id="Discovery Science Europe">1:0:1:C82:2:5E:E08B00F:0:0:0</channel>
<channel id="Discovery Science Europe">1:0:1:C81:2:5E:E08B00F:0:0:0</channel>
<channel id="ID">1:0:1:A8D:2:5E:E08B00F:0:0:0:</channel>
<channel id="ID">1:0:1:A8E:2:5E:E08B00F:0:0:0:</channel>
<channel id="ID">1:0:1:A8C:2:5E:E08B00F:0:0:0:</channel>
<channel id="DTX">1:0:1:BB8:2:5E:E08B00F:0:0:0:</channel>
<channel id="DTX">1:0:1:BB9:2:5E:E08B00F:0:0:0:</channel>
<channel id="DTX">1:0:1:BBA:2:5E:E08B00F:0:0:0:</channel>
<channel id="DTX">1:0:1:8FC:2:5E:E08B00F:0:0:0:</channel>
</channels>